Tittel,Opphav,Målgruppe,Type,Fase,Årstid,Dager,Tid,Beskrivelse,Verdi for brukerne,Verdi for organisasjonene,Hva må være på plass,Hvor starter vi,ImageURL,pdfURL
Museums- og teaternatt,Matchmaking,Familier / barn og unge,Arrangement,Nåtid,Høst,Helg,Kveld/natt,"Museums- og teaternatt bygger videre på museets eksisterende ‘Museumsnatt’-arrangement, og introduserer teateret som medarrangør. Som et tettpakket arrangement der der allerede utføres aktiviteter og opplevelser, er det etablerte formatet en potensielt god måte å medarrangere uten å måtte opprette et nytt arrangement fra bunnen av.

De mange naturhistoriske og arkeologiske aktivitetene på arrangementet kan berikes med skuespill og forestillinger, eller så kan teateret bistå med aktiviteter innenfor egne kunnskapsfelt, som kostymemaking eller improteater.",Rikt tilbud av aktiviteter som kan appelere til en bredere målgruppe i Stavanger.,"Et potensielt lavterskel format for å teste ut felles koordinering, planlegging, drift og arrangering. Potensielt større besøkstall ved økt bruk av tomten.","Avklaring om felles arrangering under neste Museumsnatt. Aktiviteter, roller og kontakt frem til neste høst.","Start med å utforske interessen for å arrangere sammen. Fokuser på både hvilke spennende aktiviteter det kan føre til, så vel som hvilken viktig læring og kontakt det vil skape mellom teateret og museet frem mot nytt bygg.",museums-ogteaternatt.png,museumsogteaternatt.pdf

Historisk scenografi,Ansattintervjuer,Ansatte MS/RT / Alle,Arrangement,Nåtid,"Sommer, Høst, Vinter, Vår","Ukedager, Helg",Kveld/natt,"«Historisk scenografi» er et banebrytende samarbeid som visker ut skillet mellom magasin og scene. Her erstattes teaterets illusoriske rekvisitter med autentiske gjenstander fra museets samlinger – selvsagt nøye utvalgt med tanke på sikkerhet og bevaring. Når skuespillerne interagerer med ekte historie, enten det er møbler fra 1800-tallet eller utstoppede dyr, oppstår en unik autentisitet og atmosfære som plast og maling aldri kan gjenskape. Konseptet henter gjenstander ut av glassmontrene og gir dem nytt liv i rampelyset, noe som tilbyr publikum en levende og taktil historietime sømløst integrert i den kunstneriske opplevelsen.",Dybdelæring og underholdning gjennom en unik kombinasjon av fag og scenekunst.,Gir publikum ny tilgang til samlinger og gjør historiske materialer levende.,"Logistikk rundt utlån, sikkerhet, romtilrettelegging og felles produksjonsteam.","En workshop mellom scenograf, dramaturg og museumsfaglige ansatte.",historiskscenografi.png,historiskscenografi.pdf
Rogalandsvisa,Matchmaking,Familier / Barn og unge,Arrangement,Nåtid,"Sommer, Høst, Vinter, Vår","Ukedager, Helg",Dag,"Rogalandsvisa er en musikalsk familieforestilling som løfter frem historiske hendelser, personer og folkelige fortellinger fra Rogaland gjennom sang, humor og sceniske tablåer. Forestillingen bygger på tradisjonen fra norske spel og skaper et format der lokalhistorie kan oppleves som levende, tilgjengelig og underholdende for både barn og voksne. 

Gjennom sterke visuelle uttrykk, musikk og fortellerkunst skapes en helhetlig opplevelse som både begeistrer og gir innsikt i regionens identitet og kulturarv. Konseptet egner seg godt som uteproduksjon i sommerhalvåret, men kan også tilpasses et innendørsformat.","En engasjerende inngang til lokalhistorie med musikk, fortelling og familievennlig format.",Styrker regional forankring og åpner for bredt publikum gjennom et tilgjengelig konsept.,"Manus, musikalsk materiale, skuespillere, enkel scenografi og egnet ute- eller innendørs arena.",Velg historiske temaer og utvikle en første skisse på dramaturgi og musikalsk uttrykk.,rogalandsvisa.png,rogalandsvisa.pdf
Biologisk impro,Matchmaking,Ungdom,Arrangement,Nåtid,"Sommer, Høst, Vinter, Vår","Ukedager, Helg",Dag,"Biologisk impro er et interaktivt arrangement som kombinerer faglig kunnskap om biologisk mangfold med improvisert scenekunst utviklet spesielt for ungdom. Konseptet bygger på en blanding av formidling og performance, der fagpersoner fra naturhistorisk avdeling samarbeider med skuespillere for å skape levende og engasjerende situasjoner på scenen.

Improvisasjonen tar utgangspunkt i biologiske fenomen, arter og økologiske sammenhenger, som skuespillerne tolker gjennom humor, overraskelser og publikumsdeltakelse. Målet er å gjøre komplekse naturtemaer mer tilgjengelige, inspirere ungdom til refleksjon og skape en opplevelse som både underholder og utdyper forståelsen av naturens sårbarhet og betydning.","En engasjerende inngang til naturfag, med humor, energi og høy deltakelse.",Styrker ungdomsappell og tester nye formidlingsformer.,"Faglige temaer, improvisatører, enkelt sceneteknisk oppsett og props.",En kort idé- og prøveworkshop der fagpersoner og skuespillere tester formatet.,biologiskimpro.png,biologiskimpro.pdf
Tyvenes kveld,Workshop med barn,Barn og unge,Arrangement,Nytid,"Sommer, Høst, Vinter, Vår","Ukedager, Helg",Dag,"Tyvenes kveld er et lekent og fartsfylt kveldsarrangement der barna får utforske museet gjennom et rollespillpreget “ran-scenario”. Rommene bygges om med laseralarmer, hinderløyper og oppdrag som krever smidighet, taktikk og samarbeid. Barna skal navigere seg gjennom museets utstillinger uten å trigge sensorer, finne “verdifulle objekter” og fullføre oppdrag før de blir fanget og satt i et humoristisk “fengsel”. 

Konseptet gir barna en adrenalinfylt måte å oppdage museets samlinger på, og skaper en minneverdig opplevelse med spenningslek, fysisk aktivitet og en uformell inngang til museumsmiljøet.",En spennende og fysisk opplevelse som gjør museet til en lekeplass for fantasi og samarbeid.,"Tiltrekker barnefamilier, skaper høy deltakeraktivitet og gjør museet mer tilgjengelig og lekent.","Laseroppsett, sikkerhetsvurdering, tydelig løype, bemanning og enkle “ran”-rekvisitter.",Definér oppdragsløype og test konseptet i én avgrenset sone før skalering.,tyveneskveld.png,tyveneskveld.pdf
Imaginære utstillinger,Workshop med barn,Barn og unge,Arrangement,Nåtid,"Sommer, Høst, Vinter, Vår","Ukedager, Helg",Dag,"Generelt for forslagene som kom fra barn og unge var ønsker om å oppleve og se ulike fantasifulle vesener. Både skumle og fantastiske, er konseptet om det overnaturlige noe som vekker spenning og interesse hos de unge. 

Det som gjør det ekstra interessant er det kreative mulighetsrommet det skaper, der det kan gjøres en høy grad av utforskning og eksperimentering med hva som presenteres, hvordan det presenteres og hvem som får være med å skape opplevelsen.","Barn og unge kan drømme seg bort med fantasifortellinger, som kan spille på litteratur, film og teater. Dette kan ha pedagogiske elementer ved seg, samt bygge på barnas fantasi gjennom samskaping.","Høy tiltrekningsfaktor som et ‘utenom det vanlige’ arrangement og utstilling, der museet og teateret kan samarbeide på å konstruere modeller og arrangere dramatiseringer av verdensbyggingen.",Fleksible utstillingsarealer.,Start med barna! Arranger workshops med idéer og ønsker om fantasivesener og fenomer de vil se komme til live.,imaginæreutstillinger.png,imaginaereutstillinger.pdf
Fossilgraving,Ungdomsworkshop,Ungdom,Arrangement,Nåtid,"Sommer, Høst, Vinter, Vår","Ukedager, Helg",Dag,"Fossilgraving er et praktisk, utendørs aktivitetskonsept hvor barn og unge får prøve rollen som amatørpaleontologer. I en stor sand- eller jordflate gjemmes ulike “fossiler” som deltakerne kan grave frem ved hjelp av enkle verktøy. Aktiviteten skaper et spennende møte mellom lek og læring, der deltakerne opplever gleden av å finne noe skjult samtidig som de introduseres for grunnleggende paleontologi, geologi og naturhistorie. Konseptet kan tilpasses ulike nivåer – fra barnevennlige funn til mer kunnskapsrike utfordringer for ungdom – og fungerer som en lavterskelaktivitet som både trekker folk utendørs og skaper nysgjerrighet for museets fagfelt.",En fysisk og utforskende aktivitet som skaper ekte mestringsfølelse og læring gjennom lek.,"Øker synlighet ut mot byrommet og gir en sterk, familievennlig inngang til museets fagområder.","Sandfelt, trygge verktøy, robuste “fossiler”, bemanning og enkel sikkerhetsinstruks.",Planlegg innhold i funnfeltet og gjennomfør en pilot i mindre skala for å teste flyt og engasjement.,fossilgraving.png,fossilgraving.pdf
Fotballet,Ungdomsworkshop,Ungdom,Arrangement,Nåtid,"Sommer, Høst, Vinter, Vår","Ukedager, Helg",Dag,"Fotballet er et ungdomsrettet program som utforsker fotball som kulturfenomen gjennom samtaler, live-podcaster, miniforedrag og sceniske innslag. Konseptet kombinerer lidenskapen rundt sporten med refleksjon om identitet, fellesskap, rivalisering og lokalhistorie. Publikum får møte tidligere spillere, supportere, eksperter og kulturpersoner som belyser fotballens betydning utover selve spillet. I tillegg kan programmet inkludere visning av ikoniske øyeblikk, analyser, rekvisitter og historiske drakter som skaper gjenkjennelse og engasjement. Fotballet inviterer ungdom inn i et format som føles relevant, sosialt og underholdende, samtidig som det åpner for innsikt i fotballens mange lag.","Gir ungdom en samlende, aktuell og engasjerende møteplass knyttet til en lidenskap de allerede deler.",Tiltrekker nye målgrupper og kobler kulturhuset til lokale og nasjonale fotballmiljøer.,"Programledelse, gjester, teknisk rigg for samtaleformat og relevant visuelt innhold.",Definer tema for første utgave og inviter en lokal profil eller ekspert som trekker ungdom.,fotballet.png,fotballet.pdf
Språkløs vandring,Samtale med Nye i Norge,Nye i Norge,Arrangement,Nåtid,"Sommer, Høst, Vinter, Vår","Ukedager, Helg",Dag,"Språkløs vandring er et inkluderende formidlingskonsept som bryter ned alle språklige barrierer. Gjennom dramatiserte byvandringer formidles historie og fortellinger utelukkende ved hjelp av fysisk teater, mimikk, bevegelse og lydbilder – helt uten talte ord. Dette gjør opplevelsen universelt tilgjengelig, uavhengig av deltakernes bakgrunn eller norskkunnskaper. Konseptet inviterer «Nye i Norge» til å utforske byens identitet på like vilkår som lokalbefolkningen. Det omdanner byrommet til en scene der forståelse oppstår gjennom blikk, handling og emosjonell gjenklang fremfor vokabular.",Gir en fullverdig kulturell opplevelse og fellesskapsfølelse helt uten krav til språkferdigheter.,Demonstrerer radikal inkludering og når effektivt ut til en stor målgruppe som ofte faller utenfor.,Skuespillere med spisskompetanse på fysisk teater og en nøye koreografert rute i byrommet.,Utvikle en kort pilot-scene basert på en visuelt tydelig lokalhistorisk hendelse for å teste formatet.,spraklosvandring.png,spraklosvandring.pdf
Nattverk,Speed-dating,Ungdom og Studenter,Arrangement,Nåtid,"Sommer, Høst, Vinter, Vår","Ukedager, Helg",Dag,"«Nattverk» er et eksklusivt konsept der huset åpner dørene for ungdom og studenter etter ordinær stengetid. Dette er en festival-lignende helaften spekket med energi og skaperkraft, utviklet fullstendig på målgruppens premisser. Her byttes den tradisjonelle museumsroen ut med puls, og programmet spenner bredt: fra rappellering i scenetårnet og konsertmaraton, til videomapping og kreative verksteder. Konseptet forvandler bygget til en lekegrind der deltakerne inviteres til å være aktive medskapere, ikke bare tilskuere. Det signaliserer tydelig at kulturhuset tør å utfordre etablerte rammer og gi plass til det upolerte og eksperimentelle.",,,,,nattverk.png,nattverk.pdf
Temauke- og festival,Speed-dating / Ansattintervjuer,Alle,"Fasilietet, Arrangement",Nåtid,"Sommer, Høst, Vinter, Vår","Ukedager, Helg","Dag, Kveld/natt","Dette konseptet er overordnet for større arrangementer der museet og teateret samarbeider. Hovedidéen går ut på at det enes om et bestemt tema, som kan utforskes gjennom utstillinger, arrangementer og samlinger. 

Et eksempel på Temauke- og festival er temaet “Tekstil”, som i dag allerede utforskes av museet, der det er mulig å arrangere et samarbeid. Dette kan utgjøre ulike undertema knyttet til tekstil: Kostymer, både tematisk og historisk, knyttet til enkelte skuespillere eller innbyggerne. Fokus på bærekraft, redesign, kostymesalg.
Håndtverktradisjoner. Tekstiler kan hentes fra magasinet og brukes til inspirasjon og utstillinger",Fordypning i et tema fra flere perspektiver med høy grad av variasjon.,Gir sterkere tverrfaglig profil og mulighet for større publikumsbredd.,"Felles temafastsetting, koordinering av program og kuratorisk samarbeid.",Kartlegge aktuelle temaer som allerede finnes i museets eller teaterets sesongplan.,temauke-ogfestival.png,Temauke- og festival.pdf
Reporterboksen,Workshop med barn,Barn og unge / Ungdom,Arrangement,Nytid,"Sommer, Høst, Vinter, Vår","Ukedager, Helg",Dag,"Reporterboksen er et lekent og observasjonsbasert konsept der barn og ungdom fungerer som “kulturreportere” som kommenterer publikums adferd i museet eller teateret. I en egen liten studio-setting – inspirert av sports- eller nyhetssendinger – får deltakerne følge med på livebilder fra publikumsområder og lage humoristiske, kreative eller refleksive analyser av hva de ser. 

Konseptet gir en morsom inngang til å utforske sosial adferd, regler, normer og publikumsdynamikk, samtidig som det åpner for dialog om hva som skaper gode opplevelser for alle. Reporterboksen kombinerer rollespill, medieproduksjon og kulturforståelse i ett.","Gir barn og unge en morsom måte å lære om adferd, normer og publikumsopplevelser gjennom kreativ lek.","Skaper engasjement, gir innsikt i publikumsbruk og tilfører humor og energi i besøksområdene.","En enkel “studio”-sone, skjermer med videofeed, headset og enkle rammer for trygg gjennomføring.",Sette opp en teststasjon og la en liten gruppe barn prøve konseptet i praksis.,reporterboksen.png,Reporterboksen.pdf
Samfunnsspeilet,Kultursjefen,Alle,Arrangement,Nytid,"Sommer, Høst, Vinter, Vår","Ukedager, Helg",Dag,"Samfunnsspeilet er en programserie der museet og teateret setter aktuelle samfunnstemaer på agendaen gjennom samtaler, sceniske innslag, utstillinger, foredrag og publikumsdrevne diskusjoner. Konseptet fungerer som en arena for å belyse og utforske spørsmål som preger Stavanger og Norge – fra klima og byutvikling til identitet, teknologi, kulturpolitikk og hverdagsliv. 

Ved å kombinere kunstneriske perspektiver med kunnskapsbasert formidling skapes rom for refleksjon, debatt og lokal deltakelse. Samfunnsspeilet gir publikum en opplevelse som både er relevant, engasjerende og forankret i samtidens utfordringer og muligheter.","Gir innsikt i aktuelle temaer gjennom en attraktiv kombinasjon av kunnskap, kunst og dialog.",Posisjonerer bygget som et relevant møtested for offentlig samtale og samfunnsaktuelle initiativer.,"Tematisk plan, faglige bidragsytere, programstruktur og egnede rom for publikumssamtaler.",Velg første tema og inviter inn nøkkelstemmer til en pilotutgave av Samfunnsspeilet.,samfunnsspeilet.png,Samfunnsspeilet.pdf
Storkonserter,Kommersiell workshop,Alle,Arrangement,Nytid,"Sommer, Høst, Vinter, Vår","Ukedager, Helg",Dag,"Storkonserter innebærer å bruke de nye lokalene som arena for store liveopptredener med kjente artister, og viser hvordan bygget kan fungere som et fleksibelt kulturhus med bred publikumsappell. Konseptet åpner for arrangementer som ikke nødvendigvis er faglig knyttet til museet eller teaterets kjerneoppdrag, men som kan skape aktivitet, synlighet og nye publikumsstrømmer. 

Slike konserter kan bidra til å etablere bygget som en attraktiv møteplass i regionen og generere betydelige inntekter gjennom billettsalg, partnerskap og utleie. Samtidig demonstrerer de lokalets tekniske kapasitet og dets potensial som en storslått scene.","Gir publikum store kulturopplevelser i et nytt, moderne og lett tilgjengelig lokale.","Skaper inntekter, øker synlighet og åpner for nye publikumsgrupper.","Tekniske spesifikasjoner, logistikk for store produksjoner, riggplan og sikkerhetsopplegg.",Kartlegg mulige artister/partnere og test en pilotkonsert i mindre skala.,storkonserter.png,Storkonserter.pdf
Tradisjonsdager,Kommersiell workshop,Alle,Arrangement,Nåtid,"Sommer, Høst, Vinter, Vår","Ukedager, Helg",Dag,"Tradisjonsdager er en serie arrangementer som samler ulike uttrykk for tradisjonelt håndverk, kultur og praksis – fra rosemaling og bunadshåndverk til flerkulturelle tradisjoner, mat, musikk, gjenbruk og reparasjon. Konseptet gir publikum anledning til å oppleve levende håndverksdemonstrasjoner, delta i små verksteder og møte utøvere som viderefører kunnskap på tvers av generasjoner og kulturer. Arrangementene skaper et inkluderende rom der både historiske og samtidige tradisjoner får plass, og gir deltakerne innsikt i hvordan kulturarv utvikles, vedlikeholdes og deles. Tradisjonsdager kan gjennomføres som enkeltarrangementer eller som en årlig festival.",Gir innblikk i levende håndverkstradisjoner og skaper møteplasser for læring og deltakelse på tvers av alder og bakgrunn.,Styrker kulturhusets breddeprofil og posisjon som formidler av både lokal og flerkulturell kulturarv.,"Håndverksutøvere, materialer, verkstedområder, programoppsett og enkel logistikk for publikum.",Kartlegg aktuelle tradisjonsbærere og sett opp en pilotdag med 2–3 aktiviteter.,tradisjonsdager.png,tradisjonsdager.pdf
Pils og pølse,Comte Bureau,Studenter,Arrangement,Nytid,"Sommer, Høst, Vinter, Vår","Ukedager, Helg",Dag,"«Pils og pølse» er et målrettet lavterskeltilbud designet for å gjøre kulturhuset til en naturlig sosial arena for byens studenter. Ved å tilby en klassisk, prisvennlig kombinasjon i en uformell ramme, fjernes de økonomiske og kulturelle barrierene som ofte hindrer denne målgruppen i å bruke institusjonene. Konseptet handler ikke om å påtvinge faglig innhold, men om å skape en trygg og avslappet «inngangsbillett» til huset. Når terskelen for å gå inn døra først er brutt, skapes en tilhørighet som på sikt gjør veien videre inn i teatersalen eller utstillingene kortere.",Tilbyr et rimelig og uformelt sosialt møtested uten krav om å kjøpe billett til en forestilling. Etablerer også bekjentskap til kulturtilbud og andre jevnaldrende.,Etablerer en tidlig relasjon til fremtidens publikum og skaper liv og røre i huset på kveldstid.,"Skjenkebevilling, logistikk for enkel matservering og en prisstruktur tilpasset studentøkonomien.",Introduser konseptet som en fast «studenttorsdag» i den eksisterende baren for å bygge vaner.,pilsogpolse.png,pilsogpolse.pdf
Barselturné,Comte Bureau,Foreldre i permisjon,Arrangement,Nytid,"Sommer, Høst, Vinter, Vår","Ukedager, Helg",Dag,"Barselturné er et skreddersydd formidlingstilbud for foreldre i permisjon. Her inviteres man til rolige omvisninger i utstillinger eller bak teaterets kulisser, tilpasset babyens rytme. Tempoet er lavt, og det er full aksept for amming, bleieskift og barnegråt underveis. Etter den faglige delen legges det opp til en sosial samling med kaffe, hvor deltakerne kan dele erfaringer. Tilbudet motvirker isolasjon i barseltiden og skaper et trygt, kulturelt fellesskap for nybakte foreldre som ønsker intellektuelt påfyll i trygge rammer.",Gir faglig inspirasjon og et viktig sosialt nettverk i en livsfase som ellers kan oppleves isolerende.,Skaper aktivitet i bygget på dagtid og knytter sterke bånd til barnefamilier som fremtidig publikum.,"Universell utforming med god plass til barnevogner, lett tilgjengelige stellerom og tålmodige formidlere.","Etabler en fast, månedlig «trilletur» med enkel servering i dagens lokaler for å bygge opp en fast gruppe.",barselturné.png,Barselturne.pdf
Morgenbit,Comte Bureau,Seniorer,Arrangement,Nytid,"Sommer, Høst, Vinter, Vår","Ukedager, Helg",Dag,"«Morgenbit» er et sosialt og faglig frokostkonsept skreddersydd for byens seniorer. Tidlig på dagen, når museet og teateret ellers er stille, inviteres målgruppen til en rimelig frokost servert med en «bit» kulturhistorie eller teaterkunst attåt. Mens kaffen nytes, deler en formidler eller skuespiller en kort historie, leser en tekst eller viser frem en unik gjenstand. Dette skaper en fast, trygg møteplass som motvirker ensomhet og gir jevnlig faglig påfyll. Konseptet signaliserer at institusjonene verdsetter det eldre publikummet og ønsker å tilby meningsfulle opplevelser også utenom ordinær åpningstid.",Gir et fast sosialt holdepunkt i hverdagen kombinert med hyggelig samvær og faglig inspirasjon.,Skaper liv i foajéen på rolige tidspunkter og bygger sterk lojalitet hos en viktig og kulturinteressert kjernegruppe.,"Et enkelt og rimelig serveringstilbud, samt en rullerende plan for korte formidlingsinnslag.",Start med en ukentlig «Seniorfrokost» i dagens kafé med høytlesning eller gjenstandsvisning.,morgenbit.png,Morgenbit.pdf
Kultur 101,Speed-dating / Styret,Ungdom / Studenter,Arrangement,Nytid,"Sommer, Høst, Vinter, Vår","Ukedager, Helg",Dag,"«Kultur 101» er en introduksjon til kunstens uskrevne regler, designet for å fjerne usikkerhet hos nye publikumsgrupper. Mange unge vegrer seg for å oppsøke teater og museum fordi de frykter sosiale blemmer: Hva skal man ha på seg? Når er det lov å klappe? Hvordan tolker man en utstilling? Gjennom informative installasjoner eller samlinger svares det på «dumme» spørsmål man ellers ikke tør å stille. Konseptet ufarliggjør opplevelsen ved å gjøre de implisitte kodene eksplisitte. Målet er å gi publikum selvtillit til å innta kulturrommet som sitt eget, helt uten frykt for å gjøre feil.",Gir trygghet og mestringsfølelse ved å avkrefte myter om at man må «kunne» noe for å delta.,Senker terskelen drastisk for førstegangsbesøkende og motvirker oppfatningen av institusjonene som elitistiske.,En fysisk eller digital informasjonsstasjon med humoristisk og pedagogisk innhold om «skikk og bruk».,Lag en enkel videoserie til sosiale medier som svarer på de vanligste spørsmålene ungdom har om teater- og museumsbesøk.,kultur101.png,Kultur101.pdf
Residency,Ansattintervjuer,Alle / Kunstnere og forskere,Arrangement,Nytid,"Sommer, Høst, Vinter, Vår","Ukedager, Helg",Dag,"Residency-ordningen gir kunstnere og forskere muligheten til å jobbe konsentrert i det nye bygget over kortere eller lengre perioder. Oppholdene kan brukes til kunstnerisk utvikling, tverrfaglige prosjekter, forskningsarbeid, tekstutvikling, prøver eller formidlingsaktiviteter. Deltakerne får tilgang til relevante rom, arbeidsplasser og faglige miljøer, og kan utvikle prosjekter som også involverer publikum gjennom åpne visninger, foredrag, samtaler eller delingsøkter. Residencyen bidrar til kontinuerlig faglig aktivitet i bygget og skaper rom for nye impulser, eksperimentering og kunnskapsutveksling.","Gir fordypning, tilgang til profesjonelle fasiliteter og mulighet for å utvikle prosjekter i ro og kontinuitet.","Tilfører faglig aktivitet, nye perspektiver og økt synlighet gjennom delingsarenaer.","Utvelgelseskriterier, søknadsprosess, arbeidsplasser og tydelig ramme for oppholdet.",Test én kortvarig pilotresidency med invitert kunstner eller forsker.,residency.png,Residency.pdf
Felles nettsider,Ansattintervjuer / Matchmaking,Alle,Tjeneste,Mellomtid,"Sommer, Høst, Vinter, Vår","Ukedager, Helg","Dag, Kveld/natt","En felles nettside kan først og fremst vise frem de felles funksjonene, arrangmentene, tilbudene, tjenestene, rommene og planene. Ut over de ulike fasene av prosjektet vil dette ha ulik potensiell verdi: fra å formidle og holde folk oppdatert i nåtiden, fremme felles arrangementer og informasjon i mellomtiden, og potensielt representere Mittrommet i nytiden. 

En felles nettside som representere Mittrommet vil både kunne være verdifull for å formidle om de generelle mulighetene som eksisterer der, ved siden av museets og teaterets virksomheter. Samtidig vil samhandlingen mellom begge organisasjonene utgjøre aktuelt innhold på disse sidene, og det er en fin måte å få besøkende til å klikke seg videre inn på teaterforestillinger så vel som museumshendelser.",Tydelig kommunikasjon av Mittrommets tilbud og tjenester / portal inn mot teateret og museets tilbud.,Styrker samarbeid gjennom en felles plattform / et konkret sted for annonsering av samhandlende initiativer.,Avklaring om organisasjonenes rolle inn i Mittrommet. Drift og infrastruktur for å holde nettstedet aktivt.,"Begynn i det små. Det kan være en enkel ‘første versjon’, som inneholder forventningsbyggende informasjon om det nye bygget og de nye fasilitetene. Over tid og med modning kan nettstedet tilpasses, utvides og oppdateres.",fellesnettsider.png,Fellesnettsider.pdf
Historiesporing,Ansattintervjuer / Matchmaking,Alle / Seniorer,Tjeneste,Nytid,"Sommer, Høst, Vinter, Vår","Ukedager, Helg","Dag, Kveld/natt","Stavanger Museum får ofte inn henvendelser fra lokale innbyggere om gamle objekter de finner eller arver. Disse objektene meldes inn til museet for at ekspertene der kan spore objektenes årstall og mulige opprinnelse. Tjenesten er i dag noe som gjøres ‘løpende’, der det er behov for en mer strukturert portal for å melde inn om objekter. 

Med en ny brukervennlig portal for å få informasjon om- og utforske tidligere innmeldte objekter, åpner dette for flere muligheter som relaterer til konservering på ‘dugnadsnivå’. Portalen kan øke interessen for å kjenne igjen gamle gjenstander en har selv, som spiller på lag med Mittrommet som et sted der befolkningen i Stavanger kan danne en personlig assosiasjon til aktiviteten som skjer i det nye bygget.",Brukervennlig sporing og utforskning av historiske objekter blant befolkningen i Stavanger. Nysgjerrighet rundt konservering og sporing av objekter.,"Strukturert side som regulerer trafikk, med mulig oppbygging av arkiv over tid over objekter fra innbyggerne. Kan videre bruks til arrangementer eller utstillinger (se konseptene Dine Fine Ting og Museumsarkivet)",Digital tjeneste og kontaktkanaler.,"Gjør en videre kartlegging av hvordan denne tjenesten fungerer i dag, og pek på hvilke behov som kan forbedres for å gjøre tjenesten bedre for både de ansatte og brukere.",historiesporing.png,Historiesporing.pdf
Nyhetsbrev for deg,Ansattintervjuer,Alle,Tjeneste,Mellomtid,"Sommer, Høst, Vinter, Vår","Ukedager, Helg",Dag,"Nyhetsbrevet kan fungere som en kanal for å dele fremdriften mot det nye teater- og museumsbygget, med fokus på Mittrommet. De som melder seg på nyhetsbrevet kan få informasjon tilpasset dem selv, for eksempel nyheter som spesifikt omfatter det romlige, eller nye tilbud på tvers av organisasjonene.

Når bygget står ferdig, er nyhetsbrevet en tilgjengelig måte å samle aktuell informasjon om tilbud og aktiviteter som oppstår i Mittrommet. Her kan også brukere tilpasse informasjonen rundt innhold de selv er interessert i. 

Med et skreddersydd nyhetsbrev kan Mittrommet får mer informasjon om ulike brukergrupper som følger med på bygget, og kan derfor skape samskapende innhold som henvender seg til konkrete målgrupper.","Relevant informasjon om ting som skjer, og oppdateringer om fremgangen mot nytt bygg.",En samlet kanal der teateret og museet kan samarbeide om felles informasjonsdeling. Skreddersydde nyhetsbrev gir også datagrunnlag om ulike interessegrupper.,"Tjeneste for nyhetsbrevet. Før det eventuelt vurderes en ny nettside der dette kan annonseres, kan det annonseres på organisasjonenes eksisterende nettside eller annen annosering.","Markedsføringsansvarlige i begge organisasjoner bør møtes for å vurdere hva innholdet i et slikt nyhetsbrev kunne vært, og lage en enkelt første versjon. ",nyhetsbrevfordeg.png,nyhetsbrevfordeg.pdf
RT og MS i SOME,Styret,Alle / Ungdom,Tjeneste,Mellomtid,"Sommer, Høst, Vinter, Vår","Ukedager, Helg",Dag,"RT og MS i SOME handler om å utvikle en mer strategisk, kreativ og synlig tilstedeværelse i sosiale medier. Konseptet utforsker hvordan kanaler som Instagram, TikTok, YouTube og Snapchat kan brukes på nye måter for å nå både ungdom og bredere publikum. Det kan innebære alt fra bak-kulissene-innhold, livesendinger, korte format-videoer og humorbasert kommunikasjon til bruk av AR-filtre, interaktive historier og publikumsdrevne kampanjer. Målet er å gjøre innholdet mer relevant, leken og algoritmevennlig, samtidig som museet og teateret fremstår som et samlet og moderne kulturmiljø som tør å eksperimentere.","Gir lett tilgjengelig, underholdende og engasjerende innhold som senker terskelen for besøk.","Øker synlighet, bygger nye målgrupper og skaper mer dynamisk kommunikasjon.","Innholdsplan, tydelig visuelt uttrykk, produksjonskapasitet og klare målgrupper.",Lag en pilotserie med korte videoer og test respons i én valgt kanal.,rtogsmisome.png,rtogsmisome.pdf
Museumsarkivet,Ansattintervjuer,Alle,"Fasilietet, Tjeneste",Nytid,"Sommer, Høst, Vinter, Vår","Ukedager, Helg",Dag,"Museumsarkivet er en digital, publikumsvendt portal som gjør det mulig for besøkende å utforske museets samlinger på egen hånd i byggets fellesområder. Gjennom en stor interaktiv skjerm eller touch-basert installasjon kan brukere søke i gjenstander, bilder, historier og kategorier, og på den måten få innblikk i både utstilte og magasinerte objekter. Konseptet åpner for fordypning, nysgjerrig utforskning og personlige oppdagelser – også for dem som ikke deltar i guidede omvisninger. Arkivet fungerer som et lavterskeltilbud som kobler den fysiske museumsopplevelsen med en digital inngang til kunnskapsgrunnlaget bak utstillingene.","Gir enkel tilgang til samlinger, innsikt og utforskning uten krav om forhåndskunnskap.",Synliggjør bredden i samlingene og gir et ekstra formidlingstilbud i fellesarealene.,"Digital løsning, oppdatert samlingsdatabase, skjerminstallasjon og brukervennlig grensesnitt.",Velg et avgrenset utvalg objekter og test en første versjon i mitrommet.,museumsarkivet.png,museumsarkivet.pdf
Utleieordningen,Så og si alle,Alle / Kommersielle aktører,"Fasilietet, Tjeneste",Nytid,"Sommer, Høst, Vinter, Vår","Ukedager, Helg",Dag,"Utleieordningen gjør det mulig for både privatpersoner, organisasjoner og kommersielle aktører å leie ulike rom i bygget – fra saler og møterom til verksteder og foajéer. Ordningen inkluderer muligheter for servering, teknisk støtte og skreddersydde oppsett for alt fra styremøter og foredrag til selskaper og større arrangementer. Ved å etablere langsiktige leieavtaler med utvalgte aktører kan huset sikre stabile inntekter og få tidlig avklaring på behov knyttet til tilrettelegging, kapasitet og logistikk. Samtidig holdes enkelte rom åpne for kortere, fleksible leieforhold som gir bredt brukermangfold.",Tilgjengelige og profesjonelle lokaler som kan tilpasses ulike behov og budsjetter.,Gir forutsigbare inntekter og økt aktivitet gjennom dagen og uken.,"Digital booking, prislister, vertskap, kapasitetsoverblikk og servicerutiner.",Start med et fast sett rom og pilotér utleie til et begrenset antall eksterne aktører.,utleieordningen.png,utleieordningen.pdf
Lag en utstilling,Ansattintervjuer,Barn og unge,Arrangement,Nåtid,"Sommer, Høst, Vinter, Vår",Helg,Dag,"Arrangementet er tenkt som et generelt format rundt læring om, og deltakelse i å skape utstillinger. Både planlegging av tema, innhenting og laging av materiell, kuratering og montering, samt arrangering. Innenfor alt arbeidet som går inn i å lage en utstilling utgjør dette derfor et format som åpner for mange spennende vinklinger. Kan kurateringen aktiviseres gjennom at scenografer er til stede? Kan arrangeringen gjøres med et tilsnitt av performance? 

Med utstilling som en sentral virksomhet i det nye teater- og museumsbygget, vil formatet kunne åpne for en spennende innføring i hvordan kulturproduksjonen fungerer i praksis, og skape dypere nysgjerrighet.","Erfaring i utstillingsdesign, attraktivt arrangement, pedagogikk og læring om virksomhetene på bygget.","Utstillinger tett forankret i innbyggernes idéer og fantasi, samskaping i praksis rundt programmering av rom.",Kan gjøres i ledige rom innendørs eller utendørs i dag. Mittrommet i det ferdige bygget kan gjøres godt tilrettelagt for en slik aktivitet.,"En lavterskel innbyggerworkshop (gjerne med en bestemt målgruppe som barn eller studenter). Kan gjøres i to økter der første økt er planleggingen, og andre økt er konstruksjon og opprigg.",lagenutstilling.png,lagenutstilling.pdf
Målgruppe som lim,Styret,Ansatte MS/RT / valgt målgruppe,"Arrangement, Tjeneste",Mellomtid,"Sommer, Høst, Vinter, Vår","Ukedager, Helg",Dag,"Målgruppe som lim er et samskapende konsept der ansatte fra museet og teateret setter av dedikert produksjonstid til å utvikle innhold sammen med en valgt målgruppe. Det kan være barn, ungdom, eldre, minoritetsgrupper eller spesifikke brukerfellesskap. Konseptet handler om å flytte fokus fra institusjonenes behov til publikums perspektiver, erfaringer og ønsker. Gjennom workshops, idéutvikling, prototyping og kreative prosesser får deltakerne forme opplevelser, arrangementer eller formidlingsgrep som angår dem direkte. Målet er å bygge tilbud som oppleves relevante, inkluderende og forankret i faktisk brukerinnsikt – ikke antakelser.","Gir reell medvirkning, eierskap og opplevelser tilpasset deres interesser og behov.","Gir dypere innsikt, styrker målgruppeforståelse og skaper mer treffsikre tilbud.","Tidsavsatte prosesser, fasilitatorer, egnet rom og en tydelig definert målgruppe.",Velg én målgruppe og gjennomfør en kort samskapingsworkshop som pilot.,målgruppesomlim.png,målgruppesomlim.pdf
Kursdager,Styret,Alle,Arrangement,Nåtid,"Sommer, Høst, Vinter, Vår","Ukedager, Helg",Dag,"Kursdager er tidsavgrensede perioder der både teateret og museet fylles med et tett program av kurs og workshops for alle aldre. Konseptet samler et bredt spekter av fagfelt – fra skuespill, improvisasjon, scenekunst og kostymedesign til naturhistorie, fossil- og geologikurs, håndverk, økologi og tverrfaglige løp som kombinerer kunst og vitenskap. Deltakerne kan velge enkeltdager eller helgepakker, og bygget forvandles til et levende læringshus der publikum får prøve praktiske aktiviteter, møte fagfolk og utforske nye interesser. Kursdager skaper et pulserende, mangfoldig og kompetansebyggende tilbud i begge bygg.","Gir et bredt, inspirerende og praktisk læringstilbud for alle aldersgrupper.","Styrker kompetanseformidling, øker aktivitet i bygget og gir inntektsmuligheter.","Fagpersoner, romoppsett, kursplan, materiell og tydelig påmelding.",Definer kurskategorier og gjennomfør en pilotuke med et lite utvalg kurs.,kursdager.png,kursdager.pdf
Etterklubb,Intervju med seniorer,Alle,"Arrangement, Tjeneste",Nytid,"Sommer, Høst, Vinter, Vår","Ukedager, Helg",Dag,"Etterklubb er en uformell samtaleordning som finner sted etter en forestilling eller et museumsbesøk, med særlig appell til seniorer og andre spesielt interesserte. Deltakerne samles i et komfortabelt fellesareal for å dele refleksjoner, stille spørsmål og utdype opplevelser i trygge og rolige omgivelser. Samtalen kan ledes av en fagperson, en ansatt eller en erfaren frivillig, og tar gjerne utgangspunkt i dagens tema, utstilling eller forestilling. Etterklubb skaper rom for fordypning, sosialt fellesskap og meningsutveksling – og gir publikum en mulighet til å forlenge og bearbeide kulturmøtet på en mer personlig måte.","Gir rom for refleksjon, sosialt fellesskap og fordypning etter opplevelsen.",Styrker publikumsrelasjoner og forankrer innholdet gjennom samtale og dialog.,"Vertskap, et passende samtalerom og en kort temaramme for møtene.",Test én etterklubb etter en aktuell forestilling eller utstilling og evaluer responsen.,etterklubb.png,etterklubb.pdf
“Hva så du?”,Kultursjefen,Alle,"Fasilietet, Tjeneste",Nytid,"Sommer, Høst, Vinter, Vår","Ukedager, Helg",Dag,"“Hva så du?” er en enkel, åpen plattform der publikum kan dele tanker, reaksjoner og små observasjoner etter en opplevelse i museet eller teateret. Installasjonen kan bestå av kort, lapper, digitale skjermer eller en interaktiv vegg der besøkende skriver eller legger igjen korte refleksjoner. Konseptet gir rom for umiddelbare inntrykk, personlige tolkninger og spontane kommentarer som sammen danner et mangfoldig bilde av publikums respons. Over tid skapes et levende arkiv av stemmer, som kan inspirere andre besøkende, gi ansatte innsikt i publikums opplevelser og gjøre refleksjon til en naturlig del av besøket.",Gir et lavterskel sted å uttrykke tanker og lese andres inntrykk.,Gir løpende publikumstilbakemeldinger og styrker følelsen av deltakelse.,"En tydelig installasjon, enkle skrivemuligheter og et system for vedlikehold.",Sett opp en testvegg med kort og vurder respons og bruksmønster.,hvasådu.png,hvasådu_.pdf
Heldagsskolen,Matchmaking,Barn og unge,Tjeneste,Nåtid,"Sommer, Høst, Vinter, Vår","Ukedager, Helg",Dag,"Heldagsskolen er et undervisningsopplegg som lar skoleklasser gjennomføre en hel skoledag fordelt mellom teateret og museet. Elevene får oppleve hvordan kunst, kultur og naturfag kan utfylle hverandre gjennom praktiske aktiviteter, refleksjon og faglig fordypning. Dagen kan starte med en drama- eller scenekunstworkshop der elevene jobber med uttrykk, samarbeid, improvisasjon eller fortelling, før de flyttes til museet for temabasert undervisning knyttet til naturhistorie, kulturhistorie eller vitenskap. Konseptet skaper variasjon i skolehverdagen, gir lærerne et ferdig tilrettelagt opplegg og gir elevene en helhetlig dag der teori og praksis styrker hverandre.","Gir elevene en variert og engasjerende læringsdag som kombinerer fysisk aktivitet, kreativitet og fagkunnskap.",Styrker relasjonen til skolene og skaper jevn aktivitet på dagtid.,"Planlagt dagsløp, undervisere, romkapasitet og koordinering mellom fagoppleggene.",Utvikle én pilotdag for et trinn på barneskolen og teste med én klasse.,heldagsskolen.png,heldagsskolen.pdf
Åpen scene,Kommersiell workshop,Kulturinteresserte / Ungdom,Tjeneste,Nytid,"Sommer, Høst, Vinter, Vår","Ukedager, Helg",Dag,"Åpen scene er et lavterskeltilbud der amatører, unge kunstnere og kulturinteresserte får muligheten til å stå på scenen i et profesjonelt, men uformelt miljø. Konseptet kan romme alt fra musikk, spoken word og stand-up til dans, teaterutdrag, opplesninger eller visuelle presentasjoner. Arrangeringen gir lokale talenter en trygg arena for å teste nytt materiale, møte andre utøvere og bygge erfaring foran publikum. Samtidig blir huset fylt av variert og uforutsigbar kunstnerisk aktivitet, som skaper en levende og inkluderende atmosfære der publikum kan oppdage nye uttrykk og heie fram morgendagens stemmer.","Gir en åpen og inkluderende scene for uttrykk, mestring og publikumskontakt.","Skaper aktivitet, tiltrekker unge utøvere og styrker huset som kulturelt samlingspunkt.","Lyd/lys-rigg, vertskap, påmeldingsrutiner og et fleksibelt scenerom.",Sett en fast kveld i måneden og åpne for enkel påmelding.,apenscene.png,apenscene.pdf
Åpne verksteder,Kommersiell workshop,Alle,Tjeneste,Nytid,"Sommer, Høst, Vinter, Vår","Ukedager, Helg",Dag,"Åpne verksteder er et praktisk læringstilbud der publikum får utforske ulike håndverkstradisjoner gjennom veiledede aktiviteter. Verkstedene kan inkludere trearbeid, keramikk, veving, tekstil, reparasjon eller andre fagområder som kombinerer tradisjonelle teknikker med moderne formidling. Deltakerne får jobbe med ekte materialer, verktøy og prosesser, samtidig som de lærer om håndverkets historie, metoder og bruk i hverdagen. Konseptet passer for både familier, voksne og barn, og gir en rolig, fordypende og sosial opplevelse der man kan skape noe konkret og ta med seg et ferdig resultat hjem.","Gir praktisk læring, mestring og en sosial arena for å prøve tradisjonelt håndverk.",Skaper kontinuerlig aktivitet og styrker bygget som lærings- og kulturarena.,"Instruktører, materialer, verktøy, tydelige sikkerhetsrutiner og egnet verkstedsrom.",Velg én håndverkstradisjon og etabler et ukentlig introduksjonsverksted som pilot.,åpneverksteder.png,apneverksteder.pdf
Dine fine ting,Comte Bureau,Seniorer / Alle,Arrangement,Nåtid,"Sommer, Høst, Vinter, Vår","Ukedager, Helg",Dag,"Dine fine ting er en utstilling bygget opp av gjenstander lånt fra innbyggerne i Stavanger og Rogaland – alt fra personlige minner og nedarvede eiendeler til hverdagsobjekter med historisk eller emosjonell verdi. Hver gjenstand ledsages av små fortellinger, anekdoter og refleksjoner fra dem som eier den. Konseptet skaper et nært og mangfoldig bilde av regionens liv, erfaringer og identitet, og gir publikum mulighet til å se sin egen og andres historie representert i utstillingen. Utstillingen kan også kobles til sceniske innslag eller fortellerkvelder som utvider fortellingene.","Gir eierskap, gjenkjennelse og et sterkt personlig møte med fellesskapets historier.","Skaper lokal forankring og engasjement, og fyller utstillingene med relevante, ekte fortellinger.","Innleveringsordning, kuratering, sikker lagring og tydelig formidlingsoppsett.",Åpne for gjenstandsinnsendelser med en enkel kampanje og velg første utvalg historier.,dinefineting.png,dinefineting.pdf
Takeover,Canoe,Kunstmiljøer / Ungdommer,"Arrangement, Tjeneste",Nåtid,"Sommer, Høst, Vinter, Vår","Ukedager, Helg",Dag,"«Takeover» snur maktbalansen på hodet og overlater styringen til byens kreative understrømmer. I en begrenset periode, for eksempel om sommeren, får studenter, det frie feltet og ungdomsmiljøer «nøklene» til bygget. De inviteres til å kuratere, drifte og fylle teateret og museet med eget innhold, fra eksperimentell scenekunst til alternative utstillinger. Dette forvandler passive lokaler til et aktivt laboratorium for fremtidens kulturhus. Gjennom å la andre styre skuta, høster institusjonene konkrete visjoner for hva de nye lokalene kan romme, samtidig som huset syder av liv i perioder som ellers ville vært stille.",En unik tilgang til profesjonelle arenaer og reell innflytelse til å definere hva kulturhuset skal være for dem.,"Nye perspektiver utenfra, utprøving av nye bruksområder, og verdifull aktivitet i ""døde"" perioder som fellesferien.","En tøff tillitserklæring i bunn, klare HMS-rammer, og en infrastruktur som tåler uventet bruk uten konstant tilsyn av fast stab.",En pilotuke i «Mellomtid» hvor en utvalgt partner (f.eks. Kunstskolen eller et fritt teaterkompani) får disponere foajeen eller Black Box fritt.,takeover.png,takeover.pdf
Abonnement,Styret,Alle,Arrangement,Mellomtid,"Sommer, Høst, Vinter, Vår","Ukedager, Helg",Dag,"Abonnement er en ordning der publikum kan kjøpe fast tilgang til teater- og museumstilbud gjennom en samlet medlemsløsning. Abonnenter kan få inngang til forestillinger, utstillinger, spesialarrangementer, rabatter, tidlig tilgang til billetter eller eksklusive nyhetsbrev. Modellen kan utformes i ulike nivåer – fra rimelige hverdagsabonnement for studenter og barnefamilier, til utvidede pakker for kulturentusiaster som ønsker å delta hyppigere. Ordningen gjør kulturtilbudet mer forutsigbart og tilgjengelig, samtidig som det skaper lojalitet og gir brukerne en følelse av å være del av et større fellesskap.","Gir enkel tilgang, forutsigbar pris og en følelse av medlemskap og tilhørighet.","Stabil inntekt, sterkere publikumslojalitet og bedre planlegging.","Digital løsning for abonnement, prismodell, fordeler og tydelig kommunikasjon.",Test én abonnementsvariant mot en definert målgruppe i en pilotperiode.,abonnement.png,abonnement.pdf
Én billett,Styret,Alle,Tjeneste,Nåtid,"Sommer, Høst, Vinter, Vår","Ukedager, Helg",Dag,"Én billett er en felles billettløsning som gir publikum tilgang til både teater- og museumstilbud gjennom ett kjøp. Ordningen kan fungere på ulike nivåer: en kombinert billett som gjelder for to konkrete arrangementer med felles tematikk, en rabattmodell der kjøp på én arena gir fordeler på den andre, eller en fast “to-i-ett”-billett som tilbys i utvalgte perioder. Konseptet senker terskelen for å utforske flere kulturtilbud, skaper naturlige overgangspunkter mellom husene og gjør det enkelt for publikum å få mer ut av besøket sitt – uten flere separate kjøpsprosesser.","Gir enkelhet, bedre pris og en mer helhetlig kulturopplevelse.","Øker besøk, bygger publikum på tvers og skaper synergier mellom tilbudene.","Felles billetteringsstruktur, tydelig prislogikk og koordinert markedsføring.",Piloter en kombinasjonsbillett for to arrangementer med tematisk sammenheng.,énbillett.png,enbillett.pdf
Besøksdate,Speed-dating,Studenter,Arrangement,Nytid,"Sommer, Høst, Vinter, Vår","Ukedager, Helg",Dag,"Besøksdate er et sosialt konsept der studenter kan melde seg på et organisert museums- eller utstillingsbesøk sammen med en tilfeldig matchet deltaker. Opplegget fungerer som en lavterskel “speed-dating light” som gir deltakerne en uformell, trygg og morsom ramme rundt det å møte nye mennesker. Paret får rabatterte billetter og et enkelt oppdrag eller samtaletema de kan bruke som isbryter under besøket. Konseptet gir en sosial inngang til kulturtilbudet og gjør utstillingsbesøk mer tilgjengelig for unge voksne som ønsker nye impulser – enten de ser etter vennskap, nettverk eller noe mer.",Skaper en trygg og uformell sosial arena med lav terskel for å møte nye mennesker.,Tiltrekker yngre målgrupper og øker besøksfrekvensen på utvalgte dager.,"Påmeldingssystem, matchingsrutiner og en enkel rabattordning.",Test en månedlig besøksdate knyttet til én utstilling.,besoksdate.png,Besoksdate.pdf
Kulturkaffekort,Comte Bureau,Alle,Arrangement,Nytid,"Sommer, Høst, Vinter, Vår","Ukedager, Helg",Dag,"Kulturkaffekort er et enkelt lojalitetsprogram knyttet til kaféen i det nye bygget. For hver kjøpte kaffe får gjesten ett klipp, og etter ti klipp får man ikke en gratis kaffe – men en gratis kulturopplevelse, enten en utstilling, en omvisning eller en billett til utvalgte arrangementer. Ordningen belønner jevnlige besøk og gjør kaféen til en naturlig inngangsport til resten av huset. Kortet kan også brukes til å inspirere nye målgrupper til å prøve noe de ellers ikke ville valgt, og styrker koblingen mellom hverdagsbruk og kulturopplevelser.",Gir en hyggelig bonus for vanlige kafébesøk og senker terskelen for kulturopplevelser.,Skaper økt trafikk i kaféen og styrker tilstrømningen til husets øvrige tilbud.,"Fysiske eller digitale klippekort, definerte belønninger og enkel registrering i kaféen.",Start med et fysisk klippekort og én fast gratisopplevelse som premie.,kulturkaffekort.png,kulturkaffekort.pdf
Opplevelsesartefakt,Comte Bureau / Rogaland Teater,Alle,Arrangement,Nåtid,"Sommer, Høst, Vinter, Vår","Ukedager, Helg",Dag,"Opplevelsesartefakt er et alternativ til tradisjonelle informasjonsark ved museums- og teaterbesøk. I stedet for tekstbasert formidling får publikum et fysisk objekt – et lite “verktøy”, symbol eller gjenstand – som ledsager dem gjennom opplevelsen. Artefaktet kan aktivere sanser, trigge nysgjerrighet, gi små oppdrag eller fungere som et tolkningsnøkkel som åpner for nye måter å se utstillingen eller forestillingen på. Det gjør formidlingen mer taktil, leken og personlig, og gjør at publikum kan ta med seg noe konkret hjem som bærer videre refleksjonen etter besøket.",Gir en mer sanselig og engasjerende inngang til opplevelsen.,Styrker formidlingen og skaper mer minneverdige og delbare besøk.,"Utforming, produksjon og enkle instruksjoner knyttet til hvert artefakt.",Lag én prototype-serie til én utstilling og test med et lite publikum.,opplevelsesartefakt.png,opplevelsesartefakt.pdf
Omvisninger,Speed-dating,Alle,Arrangement,Nytid,"Sommer, Høst, Vinter, Vår","Ukedager, Helg",Dag,"Omvisninger i det nye bygget gir publikum mulighet til å bli kjent med både teateret og museet gjennom en guided opplevelse som viser frem arkitektur, arbeidsprosesser, samlinger og scenerom. Konseptet kan organiseres som faste daglige runder, tematiske omvisninger eller spesialomvisninger som går bak kulissene, inn i verksteder, magasiner eller prøvearealer. Dette gir publikum et sjeldent innblikk i hvordan husene jobber, og skaper en sterkere forståelse for alt som ligger bak forestillinger, utstillinger og drift. Omvisningene kan tilpasses ulike målgrupper – fra skoleklasser til seniorklubber og turister.","Gir innsikt, nærhet og et unikt blikk inn i rom de ellers ikke får se.","Styrker publikumsforståelse, bygger relasjon og skaper aktivitet gjennom hele dagen.","Rutiner, omvisere, ruter og tilgjengelige rom som kan vises trygt.",Lag én felles omvisning med fast ukentlig tidspunkt som pilot.,omvisninger.png,omvisninger.pdf
Årskort,Speed-dating,Alle,Arrangement,Nåtid,"Sommer, Høst, Vinter, Vår","Ukedager, Helg",Dag,"Årskortet fungerer som en felles inngangsnøkkel til både teateret og museet gjennom et helt kalenderår. Kortet kan gi fri inngang til utstillinger, rabatter på forestillinger, spesialarrangementer, omvisninger og utvalgte opplevelser. Med ett kort blir terskelen lavere for å bruke bygget jevnlig, og publikum får et enkelt og fleksibelt forhold til kulturtilbudet. Årskortet kan også ha ulike nivåer – fra basis til premium – som åpner for ulike grader av fordeler. Dette skaper lojalitet, gir mer forutsigbar trafikk og gjør kulturhuset til en del av publikums hverdagsrutiner.","Gir ubegrenset tilgang, enkelhet og god valuta for pengene.",Bygger langsiktig publikumslojalitet og gir stabile inntekter.,"Digital kortløsning, prisstruktur, fordelspakker og informasjonsflyt.","Lanser et felles basisårskort med en tydelig, enkel fordelspakke.",årskort.png,arskort.pdf
المعلومات الثقافية,Samtale med Nye i Norge,Nye i Norge,Arrangement,Nåtid,"Sommer, Høst, Vinter, Vår","Ukedager, Helg",Dag,"Dette konseptet tetter informasjonsgapet mellom kulturinstitusjonene og byens flerkulturelle befolkning. Mange nye i Norge ønsker å delta, men opplever at språklige barrierer og ukjente markedsføringskanaler står i veien. Gjennom digitale informasjonskiosker, trykksaker og skilting på språk som arabisk, polsk og somali, gjøres innholdet tilgjengelig og forståelig. Dette er mer enn praktisk oversettelse; det er en tydelig invitasjon som signaliserer at «her er du velkommen». Løsningen sikrer at invitasjonen til utstillinger og forestillinger faktisk når frem til, og forstås av, målgrupper som ellers faller utenfor.",Sikrer demokratisk tilgang til informasjon og skaper en følelse av reell inkludering og trygghet.,"Åpner døren for et stort, uutnyttet publikumssegment og styrker institusjonens samfunnsrolle.","Dedikerte ressurser til oversettelse, digitale berøringsskjermer og flerspråklig markedsmateriell.",Produser en enkel «Velkommen hit»-brosjyre på de tre største minoritetsspråkene i regionen.,,arabisk.pdf
Alt skal lekes med,Workshop med barn / Ungdomsworkshop,Barn og unge,Arrangement,Nytid,"Sommer, Høst, Vinter, Vår","Ukedager, Helg",Dag,"Alt skal lekes med handler om å se hele bygget som en aktiv arena for utforsking, lek og kroppslig erfaring – ikke bare dedikerte lekerom. Barn leker uansett hvor de er, så konseptet legger opp til at både teater- og museumsområder har elementer som inviterer til kreativ, trygg og naturlig lek. Det kan være klatreelementer, små skjulesteder, taktile installasjoner, bevegelige objekter eller tematiske soner knyttet til forestillinger og utstillinger. Målet er et bygg der lek skjer uanstrengt og intuitivt, uten at det går på bekostning av ro, flyt eller oversikt for de voksne.","Gir barn frihet til å utforske, bruke kroppen og leke på egne premisser.","Skaper en levende, barnevennlig atmosfære og øker attraktiviteten for familier.","Trygge materialer, tydelige soner, sikkerhetstesting og universell utforming.","Definer én hovedsone for lek + små, integrerte lekeelementer i publikumsarealer.",altskallekesmed.png,altskallekesmed.pdf
Zipline,Workshop med barn,Barn og unge,Fasilitet,Nytid,"Sommer, Høst, Vinter, Vår","Ukedager, Helg",Dag,"Ziplines har i nyere tid blitt en populær aktivitet å finne både i byer og i aktivitetsparker. Det kan hovedsaklig skilles mellom to former for ziplines: større ziplines som krever bemanning og sikring, og gjerne også billettkjøp ved bruk. Mindre ziplines har blitt vanligere å se på lekeplasser, og består gjerne av en kort linje uten sikring og med mindre helning (derav mindre hastighet). Fordelen med zipline er at det er en attraktiv lekeinstallasjon for både voksne og barn. 

I et nytt Teater- og musemsbygg kan en zipline ha en tilknytning til organisasjonenes virksomhet, for eksempel at det skal gi publikummet en opplevelse av å fly fra et kontinent til et annet, slik som trekkfuglene. Det kan også konstrueres med baktanke om å brukes i utendørsforestillinger som et multifunksjonelt oppsett.",,"Lavterskel, gratis aktivitet som omkranser bygget tiltrekker familier på dagtid, som øker tilknytning og kjennskap til bygget, samt sannsynligheten for besøk på bygget.","Gode, fleksible utearealer med plass til større lekapparater der barn kan oppholde seg med voksne til stede rundt.","Avklar uteområdene til det nye bygget, og sett av nok plass til lekefasiliteter for barn og unge.",zipline.png,zipline.pdf
Spill deg inn,Workshop med barn,Barn og unge / Ungdom,Arrangement,Nytid,"Sommer, Høst, Vinter, Vår","Ukedager, Helg",Dag,"Spill deg inn handler om å etablere et gaming-rom eller en gaming-hub som en integrert del av bygget. Rommet tiltrekker unge brukere på deres egne premisser og kan fungere som en sosial møteplass hvor spill, digital kultur og hengekultur kombineres. Huben kan brukes til turneringer, LAN-kvelder, kreative workshops, spilldesign-introduksjoner eller bare uformell gaming i trygge rammer. Ved å åpne dørene for digitale uttrykk skaper bygget en naturlig inngang til resten av tilbudet – en måte å møte ungdom der de allerede er, og bygge bro videre inn til teater, utstillinger og arrangementer.","Gir et trygt, attraktivt og sosialt rom for ungdom der de kan møtes på egne premisser.","Skaper jevn trafikk, knytter unge tettere til huset og styrker relevansen i samtiden.","Utstyr, spillmaskiner, moderering, lydsoner og tydelige brukskriterier.",Sett opp en midlertidig gaming-sone og test med drop-in-kvelder.,spilldeginn.png,spilldeginn.pdf
Kulturvaluta,Workshop med barn,Barn og unge,Arrangement,Nytid,"Sommer, Høst, Vinter, Vår","Ukedager, Helg",Dag,"Kulturvaluta er en lekende økonomi for barn i bygget, der de får utdelt eller tjener “kulturpenger” som kan brukes på ulike aktiviteter og opplevelser. Valutaen kan komme fra en egen myntmaskin, gjennom små oppdrag, deltakelse i verksteder, løste mysterier eller engasjement i huset. Pengene kan deretter brukes på alt fra miniatyroppgaver og kreative stasjoner til små premier, interaktive installasjoner eller tematiske soner. Konseptet gir barn en tydelig rolle i bygget og gjør besøket mer engasjerende, samtidig som det skaper naturlige insentiver til å utforske flere rom og aktiviteter.","Skaper mestring, motivasjon og lek gjennom et tydelig og morsomt system.",Øker gjennomstrømning og engasjement i ulike aktiviteter på tvers av huset.,"Valuta-design, “inntjeningspunkter”, bruksmuligheter og enkel drift av myntmaskin.",Lag en pilot med én myntmaskin og tre steder der valutaen kan brukes.,kulturvaluta.png,kulturvaluta.pdf
Kostymerommet,Intervju med seniorer,Barn og unge,Arrangement,Nåtid,"Sommer, Høst, Vinter, Vår","Ukedager, Helg",Dag,"Kostymerommet er et dedikert rom fylt med kostymer fra ulike forestillinger og historiske epoker, der barn og unge kan kle seg opp før de går videre inn i teater- eller museumsopplevelser. Rommet fungerer som en leken forberedelse og en inngang til historiene som venter – en måte å trå inn i en rolle, identitet eller tidsepoke. Det åpner for fantasi, sosial lek og fotografering, og kan også knyttes til formidlingsopplegg, miniscener, små oppdrag eller familiesamlinger. Kostymerommet gjør besøket mer engasjerende og gir en tydelig overgang fra hverdagsmodus til kulturopplevelse.","Gir lek, utforskning og en konkret måte å “tre inn” i opplevelsen.",Styrker publikumsopplevelsen og øker attraktiviteten for familier og barnegrupper.,"Kostymer, oppbevaring, personaltilsyn og enkle regler for bruk.",Start med et utvalg allsidige kostymer og test i helger og ferier.,kostymerommet.png,kostymerommet.pdf
Dramahistorisk mathall,Kommersiell workshop,Alle,Arrangement,Nytid,"Sommer, Høst, Vinter, Vår","Ukedager, Helg",Dag,"Dramahistorisk mathall er et levende kulinarisk møtepunkt som fletter smaksopplevelser sammen med husets kunstneriske og historiske innhold. Her fungerer matbodene som scener for gastronomisk historiefortelling, der menyen skifter i takt med repertoaret. Publikum kan nyte retter inspirert av aktuelle teaterstykker eller historiske epoker fra museumsutstillingene – enten det er «Ibsens favoritter» eller «Jernalderkost». Mathallen fungerer som en uformell inngangsport til bygget, og senker terskelen for å oppsøke kultur ved å gjøre den spiselig, sosial og tilgjengelig for alle, uavhengig av om man har billett til en forestilling.","Gir en helhetlig totalopplevelse der mat og drikke utdyper historiene man ser på scenen eller i utstillingen, og skaper en sosial ramme rundt besøket.","Åpner for nye kommersielle inntektsstrømmer, forlenger publikums oppholdstid i bygget og markedsfører innholdet på en nyskapende og folkelig måte.","Fleksible serveringsarealer, et tett samarbeid mellom kjøkkensjefer, kuratorer og kunstnerisk ledelse for menyutvikling, samt atmosfærisk interiør.",Start med å tilby én temabasert rett eller drikke i dagens kafé knyttet til en stor oppsetning for å teste publikums betalingsvilje og interesse.,dramahistoriskmathall.png,dramahistoriskmathall.pdf
Kosekrok,Ungdomsworkshop,Ungdom,Arrangement,Nåtid,"Sommer, Høst, Vinter, Vår","Ukedager, Helg",Dag,"Kosekrok er et innbydende og uformelt oppholdsområde i bygget, utformet spesielt med tanke på ungdom, men attraktivt for alle som ønsker et rolig og hyggelig sted å være. Sonen kan ha sofaer, puter, myke tepper, varme lamper, lesestoff, spill og lavterskelaktiviteter. Målet er å skape et miljø der man kan henge uten kjøpspress, møte venner, lese, lade telefonen eller ta en pause før eller etter en aktivitet. En god kosekrok gir trygghet, tilhørighet og gjør bygget til et sted man faktisk blir værende – ikke bare passerer gjennom.","Gir et trygt, varmt og uformelt sted å være, alene eller med venner.","Skaper lengre oppholdstid, øker trivsel og gjør bygget mer attraktivt for ungdom.","Møbler, belysning, enkel drift og tydelig plassering i publikumsarealene.",Sett opp én pilotkrok med møblering og evaluer bruken over noen uker.,kosekrok.png,kosekrok.pdf
O’ Store And,Ungdomsworkshop / Workshop med barn,Barn og ungdom,Arrangement,Nytid,"Sommer, Høst, Vinter, Vår","Ukedager, Helg",Dag,"«O’ Store And» er en storskala, interaktiv installasjon plassert sentralt i publikumsarealene. Figuren fungerer som et uhøytidelig blikkfang som inviterer til interaksjon. Ved hjelp av sensorer reagerer anden på forbipasserende med lyd, bevegelse eller verbale kommentarer – dette kan variere fra humoristiske bemerkninger til kjente teatersitater eller historiske fakta. Installasjonen bryter med forventningen om et stille museum, og signaliserer at huset rommer både læring og lek. Den fungerer som et tydelig møtepunkt og en samtalestarter som kobler institusjonen til byens lokale identitet på en uhøytidelig måte.",Skaper en overraskende og morsom start på besøket som engasjerer på tvers av alder.,Gir huset en tydelig profil med selvironi og stor delingsverdi i sosiale medier.,"En robust fysisk konstruksjon som tåler berøring, samt driftssikker teknologi for interaksjon.",Definer andens personlighet og stemme gjennom en workshop med målgruppen.,ostoreand.png,ostoreand.pdf
Projeksjonsrommet,Ungdomsworkshop,Alle,Arrangement,Nytid,"Sommer, Høst, Vinter, Vår","Ukedager, Helg",Dag,"Projeksjonsrommet er en fleksibel black box dedikert til digitale, omsluttende opplevelser. Ved hjelp av 360-graders projeksjon og bevegelsessensorer forvandles rommet totalt, slik at publikum kan tre fysisk inn i alt fra historiske epoker til abstrakte kunstverk. Her er man ikke lenger bare en tilskuer, men en deltaker i et levende univers som reagerer på tilstedeværelse. Rommet fungerer som et dynamisk lerret for både museal formidling og scenekunst, og gir mulighet til å utforske perspektiver som ellers er utilgjengelige – fra insektenes mikroverden til det ytre rom.",Gir en sanselig og oppslukende totalopplevelse som gjør komplekst innhold umiddelbart tilgjengelig og engasjerende.,"Muliggjør rask og kostnadseffektiv utskifting av innhold, samtidig som det tiltrekker nye målgrupper gjennom spektakulær teknologi.","Et egnet mørklagt lokale utstyrt med høykvalitets projektorer, sensorer for interaksjon og driftssikker maskinvare.",Etabler et samarbeid med digitale innholdsprodusenter for å teste en enkel pilotinstallasjon i et eksisterende rom.,projeksjonsrommet.png,projeksjonsrommet.pdf
Levende foajé,Speed-dating,Alle,Tjeneste,Nytid,"Sommer, Høst, Vinter, Vår","Ukedager, Helg",Dag,"Levende foajé er et strukturert programkonsept som transformerer inngangspartiet fra en passiv ventesone til en aktiv kulturarena. Gjennom en synlig og dynamisk dagsplan tilbys en kontinuerlig strøm av lavterskel-aktiviteter, som minikonserter, pop-up teater, åpne øvelser eller korte kurator-prater. Dette sikrer at det «alltid skjer noe», uavhengig av når publikum kommer. Konseptet fjerner følelsen av tomme lokaler på dagtid, og gir besøkende en umiddelbar smakebit på husets innhold, noe som skaper en pulserende atmosfære i fellesområdene.","Sikrer at ethvert besøk oppleves innholdsrikt og levende, selv uten billett til en hovedforestilling.",Synliggjør bredden i husets tilbud og øker både oppholdstiden og trivselen i publikumsarealene.,"En dedikert programkoordinator, fleksible riggmuligheter i foajéen og digitale informasjonstavler.",Test konseptet ved å kuratere et tett program med «smaksprøver» i foajéen en utvalgt lørdag.,levendefoajé.png,levendefoaje.pdf
Barnepark(ering),Samtale med Nye i Norge,Nye i Norge / Foreldre,Arrangement,Nytid,"Sommer, Høst, Vinter, Vår","Ukedager, Helg",Dag,"«Barnepark(ering)» er et tilrettelagt tilbud med kvalifisert bemanning der barn kan leke trygt mens foreldrene bruker husets øvrige fasiliteter. Tjenesten fjerner en av de største barrierene for kulturbruk – barnevaktkabalen – og gjør det mulig for voksne å oppleve en utstilling, se en forestilling eller delta på sosiale arrangementer på egen hånd. For målgrupper som er nye i Norge, fungerer dette også som et viktig friminutt for språktrening og nettverksbygging med andre voksne, vel vitende om at barna er i trygge hender rett i nærheten.","Gir foreldre sårt tiltrengt egentid til kulturopplevelser eller sosialt samvær, uten praktisk stress rundt barnevakt.",Øker besøksfrekvensen betraktelig hos småbarnsforeldre og inkluderer målgrupper som ellers ofte er bundet til hjemmet.,"Et fysisk sikret areal, kvalifisert personell med barnefaglig kompetanse og et trygt system for inn- og utsjekk.",Pilotér løsningen i et avgrenset rom under utvalgte dagforestillinger eller språkkafeer i helgene.,barneparkering.png,barneparkering.pdf
Mcdonalds(?!),Ungdomsworkshop,Ungdom,Arrangement,Nytid,"Sommer, Høst, Vinter, Vår","Ukedager, Helg",Dag,"Ønsket om Mcdonalds kan sees på som ungdommens behov for en trygg, rimelig og uformell møteplass i det nye bygget. Konseptet handler om å tilby mat og drikke som målgruppen liker og har råd til, servert i omgivelser som inviterer til å «henge» uten kjøpepress. Ved å etablere en sone med kjapp mat, god wifi og komfortable sitteplasser, signaliserer institusjonene at ungdom er velkomne på egne premisser. Dette fungerer som en ufarlig inngang til huset, der skillet mellom «høykultur» og ungdomskultur viskes ut, og terskelen for hverdagsbruk senkes betraktelig.",Tilbyr et forutsigbart og rimelig sosialt fristed der ungdom kan være seg selv uten kulturelle krav.,Tiltrekker en vanskelig målgruppe ved å fjerne økonomiske barrierer og ufarliggjøre institusjonen.,"En meny tilpasset unges betalingsvilje, samt robuste og uformelle sittegrupper skjermet fra hovedstrømmen.",Involver ungdomsrådet i utformingen av en rimelig «ungdomsmeny» som testes ut i dagens kafé.,mcdonalds.png,mcdonalds.pdf
Mittloungen,Ungdomsworkshop,Ungdom,Arrangement,Nytid,"Sommer, Høst, Vinter, Vår","Ukedager, Helg",Dag,"Mittloungen er en dedikert frisone plassert i skjæringspunktet mellom museet og teateret, designet spesifikt for ungdom. Dette er et kravløst «tredje sted» mellom skole og hjem, der det er rom for både sosialt samvær, lek og avslapning. Området er innredet med komfortable møbler som saccosekker og sofaer, og tilbyr fasiliteter som spill og automater. Her er det ingen kjøpeplikt eller krav om stillhet. Sonen gir ungdom en naturlig tilhørighet til kulturhuset på deres egne premisser, og fungerer som en trygg base som gradvis ufarliggjør terskelen inn til de etablerte kunstarenaene.",Tilbyr et gratis og uforpliktende fristed i sentrum der man kan være sosial sammen med venner.,Skaper en tidlig relasjon til en viktig målgruppe og gjør huset til en relevant del av ungdomskulturen.,"Robust og komfortabelt interiør, god wifi-dekning, lademuligheter og tilgang på enkel mat og drikke.",Involver en ungdomsgruppe i valg av møbler og utforming av sonen for å sikre reelt eierskap.,mittloungen.png,mittloungen.pdf
Felles programlansering,Styret,Alle,Arrangement,Nåtid,"Sommer, Høst, Vinter, Vår","Ukedager, Helg",Dag,"Felles programlansering markerer starten på kultursesongen ved å samle teaterets og museets høydepunkter i én stor begivenhet. I stedet for separate slipp, inviteres publikum, presse og partnere til en felles presentasjon der repertoar og utstillinger lanseres side om side. Dette synliggjør synergiene i det nye bygget og demonstrerer hvordan de to institusjonene utfyller hverandre tematisk og kunstnerisk. Lanseringen fungerer som en feiring av fellesskapet, og gir publikum en komplett og inspirerende oversikt over hva de kan forvente av opplevelser i tiden som kommer.",Gir en praktisk totaloversikt over kulturtilbudet og gjør det enklere å planlegge sesongens opplevelser.,Maksimerer medieoppmerksomheten og forsterker posisjonen som et samlet og koordinert kulturkraftsentrum.,Synkroniserte årshjul for produksjon og en omforent kommunikasjonsstrategi for felles markedsføring.,Gjennomfør neste sesongslipp som et felles arrangement for presse og publikum for å teste samarbeidsformen.,fellesprogramlansering.png,fellesprogramlansering.pdf
Bakgårdsfestival,Kultursjefen,Alle,Arrangement,Nåtid,"Sommer, Høst, Vinter, Vår","Ukedager, Helg",Dag,"Bakgårdsfestivalen er et utadrettet arrangement som bygger bro mellom dagens situasjon og fremtidens nybygg. Her inviteres befolkningen til en uformell sammenkomst der planene for det nye teatret og museet presenteres i øyehøyde. Gjennom visning av modeller, presentasjoner og lavterskel-aktiviteter skapes det engasjement og eierskap til prosjektet lenge før dørene åpner. Festivalen fungerer som en åpen dialogarena der publikum kan stille spørsmål og komme med innspill, noe som bidrar til å aktivere området og skape forventning i lokalmiljøet.",Gir tidlig innsikt i prosessen og en følelse av medvirkning gjennom direkte dialog med aktørene bak bygget.,"Sikrer lokal forankring og entusiasme rundt byggeprosjektet, samtidig som det demper usikkerhet gjennom åpenhet.","Tilgjengelig uteareal, oppdaterte fysiske modeller av bygget og formidlere som kan svare på spørsmål.",Arranger en pilotversjon i forbindelse med en eksisterende byfestival eller sesongåpning for å teste formatet.,bakgardsfestival.png,bakgardsfestival.pdf
Temamiddag,Intervju med seniorer,Alle,Arrangement,Nåtid,"Sommer, Høst, Vinter, Vår","Ukedager, Helg",Dag,"Temamiddag er et helaftens konsept der gastronomi møter scenekunst og museumsformidling. Rundt langbordet samles publikum til en kuratert matopplevelse som tematisk speiler aktuelle utstillinger eller forestillinger. Kvelden vever sammen måltidet med faglige innlegg, kunstneriske smakebiter og samtaler, noe som gir en dypere forståelse av innholdet. Dette fungerer som en sosial arena for fordypning, hvor skillet mellom scene, utstilling og publikum viskes ut. Konseptet kan også benyttes strategisk for å informere om byggeprosessen i en hyggelig ramme.","Gir en unik totalopplevelse der sosialt samvær, matkultur og faglig fordypning smelter sammen.",Bygger sterke relasjoner til publikum og demonstrerer verdien av samlokaliseringen i praksis.,"Et egnet lokale for bespisning, cateringavtale og et koordinert faglig program fra begge institusjoner.",Arranger en pilotmiddag knyttet til en aktuell produksjon med begrenset antall plasser for å teste formatet.,temamiddag.png,temamiddag.pdf
Pop-up!,Styret,Alle,Arrangement,Mellomtid,"Sommer, Høst, Vinter, Vår","Ukedager, Helg",Dag,"«Pop-up!» er et mobilt formidlingskonsept som tar kulturen ut av institusjonene og direkte til folket mens byggeprosessen pågår. Ved hjelp av fleksible rigger, som ombygde containere eller telt, etableres midlertidige arenaer ved byggeplassen eller rundt om i byen. Her møtes teaterkunst og museumsformidling side om side, og tilbyr publikum smakebiter på fremtidens innhold. Konseptet sikrer at organisasjonene forblir synlige og relevante i overgangsfasen, og fungerer som en levende reklameplakat. Det skaper nysgjerrighet og viser at aktiviteten lever i beste velgående, selv mens det bygges.",Gir uventede og lavterskel kulturopplevelser i bybildet som senker barrieren for kontakt med institusjonene.,"Opprettholder synlighet og publikumsrelasjoner gjennom byggeperioden, og bygger forventning til det ferdige bygget.","Mobilt utstyr som tåler vær og vind, samt en riggplan for effektiv forflytning og bemanning.",Etabler en enkel pilot-stasjon ved byggegjerdet med smakebiter fra begge institusjoner en travel lørdag.,pop-up.png,pop-up.pdf
Besøksshow,Styret,Alle / Ansatte RT/SM,Arrangement,Nåtid,"Sommer, Høst, Vinter, Vår","Ukedager, Helg",Dag,"«Besøksshow» er et utvekslingskonsept som tjuvstarter samlokaliseringen ved at institusjonene gjester hverandres nåværende lokaler. Her flytter museet deler av samlingen inn i teaterets foajé, mens skuespillere inntar museumshallene med pop-up teater og improvisasjon. Dette bryter ned de etablerte skillene mellom byggene, og gir publikum en konkret forsmak på synergiene i det nye kulturkvartalet. Gjennom slike gjestespill blir organisasjonene bedre kjent med hverandres kultur og arbeidsmåter, samtidig som publikum eksponeres for nye kunstuttrykk på tvers av vante arenaer.",Gir en overraskende merverdi til besøket og introduserer publikum for naboinstitusjonen på en lavterskel måte.,Fremmer intern kulturbygging på tvers av fagfelt og driver effektiv kryssmarkedsføring mot hverandres publikumsgrupper.,"Vilje til å åpne egne arealer for ekstern aktivitet, samt enkle tekniske løsninger for mobile visninger.",Arranger en enkel «takeover» der museet viser frem utvalgte gjenstander i teaterfoajéen før en forestilling.,besoksshow.png,besoksshow.pdf
Ambulerende kultur,Styret,Målgruppe- og lokasjonsspesifikt,"Fasilitet, Arrangement",Mellomtid,"Sommer, Høst, Vinter, Vår","Ukedager, Helg",Dag,"«Ambulerende kultur» er et oppsøkende konsept som flytter teateret og museet ut fra sentrum og inn i folks hverdagsliv – enten det er på kjøpesenteret, den lokale kaffebaren eller ved en turisthytte. Gjennom mobile utstillingsmontre eller kompakte pop-up-forestillinger får publikum uventede kulturmøter der de allerede ferdes. Tiltaket fungerer som strategiske «satellitter» som sprer kunnskap om det nye bygget til hele regionen. Ved å plassere historiske gjenstander eller scenekunst i nye og hverdagslige kontekster, vekkes nysgjerrighet hos målgrupper som kanskje sjeldent oppsøker institusjonene til vanlig.",Gir publikum en uventet og berikende kulturpause på steder der de allerede oppholder seg.,"Øker synligheten i hele regionen og rekrutterer nye publikumsgrupper gjennom aktiv, lokal tilstedeværelse.","Sikre og transportable utstillingsmontre, samt avtaler med lokale arenaer som kjøpesentre og kafeer.",Plasser en utvalgt museumsgjenstand med en engasjerende historie på et populært samlingssted for å teste responsen.,ambulerendekultur.png,ambulerendekultur.pdf
